{"inputUnits":[34],"outputUnits":4,"inputs":{"0":{"dtype":"number","min":245.12202093708117,"max":348.1003533376355},"1":{"dtype":"number","min":104.20288442868238,"max":157.8087638274968},"2":{"dtype":"number","min":250.1083100376538,"max":357.3918824075026},"3":{"dtype":"number","min":97.95896727206878,"max":148.74336465757492},"4":{"dtype":"number","min":236.27141911616334,"max":340.2236039457265},"5":{"dtype":"number","min":95.38028858326098,"max":147.35582556176138},"6":{"dtype":"number","min":264.1143739339669,"max":366.6541544596354},"7":{"dtype":"number","min":105.72523626435336,"max":162.09935654906036},"8":{"dtype":"number","min":227.30057803743298,"max":328.25227733708726},"9":{"dtype":"number","min":102.12803147224886,"max":154.49609767623812},"10":{"dtype":"number","min":283.22289241917184,"max":382.7510332549989},"11":{"dtype":"number","min":151.85541937458117,"max":209.11158035605507},"12":{"dtype":"number","min":210.80371819509168,"max":306.2685960914656},"13":{"dtype":"number","min":148.1155960648148,"max":207.2119354783443},"14":{"dtype":"number","min":321.8948382104349,"max":403.08833369502315},"15":{"dtype":"number","min":149.36230992248414,"max":277.3183259722317},"16":{"dtype":"number","min":141.36257238555373,"max":279.4884496172037},"17":{"dtype":"number","min":145.10555512723866,"max":273.7325199119761},"18":{"dtype":"number","min":285.00127840692767,"max":409.2643966823526},"19":{"dtype":"number","min":103.61747518617506,"max":332.0390655933997},"20":{"dtype":"number","min":148.4728575589364,"max":305.28877719336316},"21":{"dtype":"number","min":101.05237696835403,"max":331.775070101197},"22":{"dtype":"number","min":281.0980954830177,"max":369.02871412608124},"23":{"dtype":"number","min":271.38647246779055,"max":350.1470798544484},"24":{"dtype":"number","min":231.89953303941274,"max":309.406053569117},"25":{"dtype":"number","min":278.80243483575,"max":346.25905176352336},"26":{"dtype":"number","min":308.21268003586437,"max":370.223724186769},"27":{"dtype":"number","min":361.902526498538,"max":461.5801398145293},"28":{"dtype":"number","min":225.132003694947,"max":302.2861196655511},"29":{"dtype":"number","min":369.42080670630025,"max":446.4995748954907},"30":{"dtype":"number","min":298.4593809696666,"max":384.5517824407209},"31":{"dtype":"number","min":437.3313634623329,"max":523.6309537831803},"32":{"dtype":"number","min":223.52331209833392,"max":303.5754207142612},"33":{"dtype":"number","min":441.2109592132865,"max":538.9222635860331}},"outputs":{"0":{"dtype":"string","min":0,"max":1,"uniqueValues":["a","b","c","d"],"legend":{"a":[1,0,0,0],"b":[0,1,0,0],"c":[0,0,1,0],"d":[0,0,0,1]}}},"isNormalized":true}